price,date_sold,suburb,num_bath,num_bed,num_parking,property_size,type,suburb_population,suburb_median_income,suburb_sqkm,suburb_lat,suburb_lng,suburb_elevation,cash_rate,property_inflation_index,km_from_cbd
1600000,13/2/16,Leichhardt,1,4,0,177,House,14625,56784,2.595,-33.88143,151.15595,31,2.0,150.9,5.31
1500000,18/2/16,Leichhardt,2,4,0,177,House,14625,56784,2.595,-33.88143,151.15595,31,2.0,150.9,5.31
1265000,19/2/16,Leichhardt,1,3,0,220,House,14625,56784,2.595,-33.88143,151.15595,31,2.0,150.9,5.31
925000,27/2/16,Leichhardt,1,2,0,139,House,14625,56784,2.595,-33.88143,151.15595,31,2.0,150.9,5.31
1085000,27/2/16,Leichhardt,1,2,1,209,House,14625,56784,2.595,-33.88143,151.15595,31,2.0,150.9,5.31
1160000,27/2/16,Leichhardt,1,3,0,186,House,14625,56784,2.595,-33.88143,151.15595,31,2.0,150.9,5.31
1800000,27/2/16,Leichhardt,2,3,1,348,House,14625,56784,2.595,-33.88143,151.15595,31,2.0,150.9,5.31
1205000,20/5/17,Leichhardt,1,2,0,184,House,14625,56784,2.595,-33.88143,151.15595,31,1.5,176.6,5.31
1682000,27/5/17,Leichhardt,1,2,0,304,House,14625,56784,2.595,-33.88143,151.15595,31,1.5,176.6,5.31
1763000,29/5/17,Leichhardt,1,3,0,328,House,14625,56784,2.595,-33.88143,151.15595,31,1.5,176.6,5.31
1220000,21/6/19,Leichhardt,1,3,0,219,House,14625,56784,2.595,-33.88143,151.15595,31,1.28,159.0,5.31
1730000,26/6/19,Leichhardt,3,4,1,190,House,14625,56784,2.595,-33.88143,151.15595,31,1.28,159.0,5.31
1800000,20/7/19,Leichhardt,1,3,8,423,House,14625,56784,2.595,-33.88143,151.15595,31,1.02,159.0,5.31
1920000,17/8/19,Leichhardt,2,4,0,380,House,14625,56784,2.595,-33.88143,151.15595,31,1.0,159.0,5.31
1083000,7/10/19,Leichhardt,1,3,1,151,House,14625,56784,2.595,-33.88143,151.15595,31,1.02,159.0,5.31
2121000,16/12/20,Leichhardt,3,4,2,348,House,14625,56784,2.595,-33.88143,151.15595,31,0.1,183.1,5.31
1925000,21/1/21,Leichhardt,4,4,1,190,House,14625,56784,2.595,-33.88143,151.15595,31,0.1,183.1,5.31
1390000,13/2/21,Leichhardt,2,3,1,182,House,14625,56784,2.595,-33.88143,151.15595,31,0.1,183.1,5.31
1856000,17/2/21,Leichhardt,2,4,0,314,House,14625,56784,2.595,-33.88143,151.15595,31,0.1,183.1,5.31
1675000,19/2/21,Leichhardt,1,3,0,221,House,14625,56784,2.595,-33.88143,151.15595,31,0.1,183.1,5.31
2250000,20/9/21,Leichhardt,3,3,1,120,House,14625,56784,2.595,-33.88143,151.15595,31,0.1,220.1,5.31
2700000,23/9/21,Leichhardt,2,3,0,183,House,14625,56784,2.595,-33.88143,151.15595,31,0.1,220.1,5.31
1730000,12/10/21,Leichhardt,1,3,0,250,House,14625,56784,2.595,-33.88143,151.15595,31,0.1,220.1,5.31
2630000,15/10/21,Leichhardt,1,4,1,340,House,14625,56784,2.595,-33.88143,151.15595,31,0.1,220.1,5.31
2615000,20/10/21,Leichhardt,2,3,0,216,House,14625,56784,2.595,-33.88143,151.15595,31,0.1,220.1,5.31
1225000,28/10/21,Leichhardt,1,1,0,101,House,14625,56784,2.595,-33.88143,151.15595,31,0.1,220.1,5.31
1303000,29/10/21,Leichhardt,1,2,0,181,House,14625,56784,2.595,-33.88143,151.15595,31,0.1,220.1,5.31
1280000,2/11/21,Leichhardt,1,2,0,135,House,14625,56784,2.595,-33.88143,151.15595,31,0.1,183.1,5.31
1550000,16/11/21,Leichhardt,1,2,0,171,House,14625,56784,2.595,-33.88143,151.15595,31,0.1,220.1,5.31
2260000,19/11/21,Leichhardt,1,2,1,310,House,14625,56784,2.595,-33.88143,151.15595,31,0.1,220.1,5.31
2250000,25/11/21,Leichhardt,2,3,0,246,House,14625,56784,2.595,-33.88143,151.15595,31,0.1,220.1,5.31
1800000,30/11/21,Leichhardt,2,2,0,215,House,14625,56784,2.595,-33.88143,151.15595,31,0.1,220.1,5.31
1525000,2/12/21,Leichhardt,1,2,1,215,House,14625,56784,2.595,-33.88143,151.15595,31,0.1,183.1,5.31
1900000,16/12/21,Leichhardt,1,3,2,272,House,14625,56784,2.595,-33.88143,151.15595,31,0.1,220.1,5.31
1800000,21/12/21,Leichhardt,1,2,1,212,House,14625,56784,2.595,-33.88143,151.15595,31,0.1,220.1,5.31
2500000,23/12/21,Leichhardt,1,3,1,348,House,14625,56784,2.595,-33.88143,151.15595,31,0.1,220.1,5.31
2019000,16/12/16,Penrith,2,4,2,1214,House,13295,32240,12.202,-33.74515,150.68955,26,1.5,172.7,49.99
900000,19/9/17,Penrith,2,6,2,1112,House,13295,32240,12.202,-33.74515,150.68955,26,1.5,174.0,49.99
520000,20/9/17,Penrith,1,3,1,376,House,13295,32240,12.202,-33.74515,150.68955,26,1.5,174.0,49.99
648000,20/9/17,Penrith,1,3,1,578,House,13295,32240,12.202,-33.74515,150.68955,26,1.5,174.0,49.99
600000,29/9/17,Penrith,1,3,1,784,House,13295,32240,12.202,-33.74515,150.68955,26,1.5,174.0,49.99
865000,9/12/17,Penrith,1,3,1,746,House,13295,32240,12.202,-33.74515,150.68955,26,1.5,174.0,49.99
500000,18/4/19,Penrith,2,3,2,552,House,13295,32240,12.202,-33.74515,150.68955,26,1.5,153.5,49.99
635000,13/5/19,Penrith,2,3,1,171,House,13295,32240,12.202,-33.74515,150.68955,26,1.5,153.5,49.99
470000,27/5/19,Penrith,1,3,1,482,House,13295,32240,12.202,-33.74515,150.68955,26,1.5,153.5,49.99
660000,30/5/19,Penrith,2,4,4,645,House,13295,32240,12.202,-33.74515,150.68955,26,1.5,153.5,49.99
901000,25/7/20,Penrith,1,3,2,600,House,13295,32240,12.202,-33.74515,150.68955,26,0.25,167.6,49.99
630000,14/8/20,Penrith,1,3,2,670,House,13295,32240,12.202,-33.74515,150.68955,26,0.25,167.6,49.99
617000,17/8/20,Penrith,1,3,2,676,House,13295,32240,12.202,-33.74515,150.68955,26,0.25,167.6,49.99
662500,18/8/20,Penrith,2,4,2,651,House,13295,32240,12.202,-33.74515,150.68955,26,0.25,167.6,49.99
2200000,13/10/20,Penrith,3,6,3,894,House,13295,32240,12.202,-33.74515,150.68955,26,0.25,172.6,49.99
800000,8/11/20,Penrith,1,3,1,800,House,13295,32240,12.202,-33.74515,150.68955,26,0.25,167.6,49.99
1655000,16/12/20,Penrith,1,3,1,1214,House,13295,32240,12.202,-33.74515,150.68955,26,0.1,183.1,49.99
1000000,17/3/21,Penrith,2,3,1,632,House,13295,32240,12.202,-33.74515,150.68955,26,0.1,197.9,49.99
2150000,19/3/21,Penrith,3,5,2,860,House,13295,32240,12.202,-33.74515,150.68955,26,0.1,197.9,49.99
1675000,23/3/21,Penrith,2,5,6,1176,House,13295,32240,12.202,-33.74515,150.68955,26,0.1,197.9,49.99
2690000,15/4/21,Penrith,2,6,1,1682,House,13295,32240,12.202,-33.74515,150.68955,26,0.1,197.9,49.99
655000,20/5/21,Penrith,2,3,2,482,House,13295,32240,12.202,-33.74515,150.68955,26,0.1,197.9,49.99
840000,22/5/21,Penrith,1,3,1,563,House,13295,32240,12.202,-33.74515,150.68955,26,0.1,197.9,49.99
875000,28/5/21,Penrith,1,3,3,562,House,13295,32240,12.202,-33.74515,150.68955,26,0.1,197.9,49.99
1970000,18/6/21,Penrith,1,2,1,1574,House,13295,32240,12.202,-33.74515,150.68955,26,0.1,210.1,49.99
1100000,19/7/21,Penrith,1,3,1,834,House,13295,32240,12.202,-33.74515,150.68955,26,0.1,210.1,49.99
1740000,3/10/21,Penrith,3,3,1,835,House,13295,32240,12.202,-33.74515,150.68955,26,0.1,197.9,49.99
1050000,12/10/21,Penrith,1,2,3,803,House,13295,32240,12.202,-33.74515,150.68955,26,0.1,220.1,49.99
1115000,19/10/21,Penrith,1,3,1,835,House,13295,32240,12.202,-33.74515,150.68955,26,0.1,220.1,49.99
1150000,17/11/21,Penrith,2,3,2,668,House,13295,32240,12.202,-33.74515,150.68955,26,0.1,220.1,49.99
1004888,18/11/21,Penrith,2,5,2,375,House,13295,32240,12.202,-33.74515,150.68955,26,0.1,220.1,49.99
1035000,4/12/21,Penrith,3,6,3,632,House,13295,32240,12.202,-33.74515,150.68955,26,0.1,197.9,49.99
3880000,17/11/16,Turramurra,2,4,2,1140,House,11919,49920,6.001,-33.73444,151.12793,183,1.5,167.6,16.36
1850000,25/11/16,Turramurra,2,4,2,1042,House,11919,49920,6.001,-33.73444,151.12793,183,1.5,167.6,16.36
2511000,25/11/16,Turramurra,3,5,2,900,House,11919,49920,6.001,-33.73444,151.12793,183,1.5,167.6,16.36
1840000,26/11/16,Turramurra,2,4,2,904,House,11919,49920,6.001,-33.73444,151.12793,183,1.5,167.6,16.36
3105000,26/11/16,Turramurra,2,3,2,2183,House,11919,49920,6.001,-33.73444,151.12793,183,1.5,167.6,16.36
1550000,11/12/16,Turramurra,2,3,2,1050,House,11919,49920,6.001,-33.73444,151.12793,183,1.5,167.6,16.36
1550000,25/5/18,Turramurra,2,4,2,1600,House,11919,49920,6.001,-33.73444,151.12793,183,1.5,169.8,16.36
4300000,29/5/18,Turramurra,4,5,2,1220,House,11919,49920,6.001,-33.73444,151.12793,183,1.5,169.8,16.36
3800000,31/5/18,Turramurra,4,5,2,1631,House,11919,49920,6.001,-33.73444,151.12793,183,1.5,169.8,16.36
1300000,13/6/18,Turramurra,2,4,2,620,House,11919,49920,6.001,-33.73444,151.12793,183,1.5,166.6,16.36
1443300,23/6/18,Turramurra,2,4,2,526,House,11919,49920,6.001,-33.73444,151.12793,183,1.5,166.6,16.36
1615000,5/11/18,Turramurra,1,3,2,1061,House,11919,49920,6.001,-33.73444,151.12793,183,1.5,169.8,16.36
1700000,7/11/18,Turramurra,2,4,3,1056,House,11919,49920,6.001,-33.73444,151.12793,183,1.5,166.6,16.36
1560000,18/11/19,Turramurra,2,4,2,961,House,11919,49920,6.001,-33.73444,151.12793,183,0.75,166.4,16.36
1850000,19/11/19,Turramurra,2,4,1,840,House,11919,49920,6.001,-33.73444,151.12793,183,0.75,166.4,16.36
1852500,22/11/19,Turramurra,2,4,2,1075,House,11919,49920,6.001,-33.73444,151.12793,183,0.75,166.4,16.36
1905000,24/11/19,Turramurra,2,4,2,1791,House,11919,49920,6.001,-33.73444,151.12793,183,0.75,166.4,16.36
1700000,26/11/19,Turramurra,2,4,2,974,House,11919,49920,6.001,-33.73444,151.12793,183,0.75,166.4,16.36
1500000,28/11/19,Turramurra,2,4,0,948,House,11919,49920,6.001,-33.73444,151.12793,183,0.75,166.4,16.36
2163500,29/11/19,Turramurra,2,5,2,3307,House,11919,49920,6.001,-33.73444,151.12793,183,0.75,166.4,16.36
2402000,14/12/19,Turramurra,2,4,2,973,House,11919,49920,6.001,-33.73444,151.12793,183,0.75,169.6,16.36
2680000,13/3/21,Turramurra,1,3,2,1012,House,11919,49920,6.001,-33.73444,151.12793,183,0.1,197.9,16.36
3500000,16/3/21,Turramurra,4,5,2,930,House,11919,49920,6.001,-33.73444,151.12793,183,0.1,197.9,16.36
2560000,17/3/21,Turramurra,2,3,2,923,House,11919,49920,6.001,-33.73444,151.12793,183,0.1,197.9,16.36
4800000,17/3/21,Turramurra,5,5,2,923,House,11919,49920,6.001,-33.73444,151.12793,183,0.1,197.9,16.36
3400000,18/3/21,Turramurra,3,5,3,1695,House,11919,49920,6.001,-33.73444,151.12793,183,0.1,197.9,16.36
3051000,19/3/21,Turramurra,2,3,1,974,House,11919,49920,6.001,-33.73444,151.12793,183,0.1,197.9,16.36
4550000,19/3/21,Turramurra,4,5,2,1157,House,11919,49920,6.001,-33.73444,151.12793,183,0.1,197.9,16.36
2600000,20/3/21,Turramurra,2,4,2,930,House,11919,49920,6.001,-33.73444,151.12793,183,0.1,197.9,16.36
3100000,20/3/21,Turramurra,3,5,3,929,House,11919,49920,6.001,-33.73444,151.12793,183,0.1,197.9,16.36
2900000,22/3/21,Turramurra,3,5,2,880,House,11919,49920,6.001,-33.73444,151.12793,183,0.1,197.9,16.36
1985000,19/7/21,Turramurra,1,3,1,929,House,11919,49920,6.001,-33.73444,151.12793,183,0.1,210.1,16.36
2200000,3/10/21,Turramurra,2,3,2,936,House,11919,49920,6.001,-33.73444,151.12793,183,0.1,197.9,16.36
4120000,3/10/21,Turramurra,4,5,5,1014,House,11919,49920,6.001,-33.73444,151.12793,183,0.1,197.9,16.36
3350000,11/11/21,Turramurra,4,5,2,1556,House,11919,49920,6.001,-33.73444,151.12793,183,0.1,220.1,16.36
3265000,12/11/21,Turramurra,3,5,2,910,House,11919,49920,6.001,-33.73444,151.12793,183,0.1,220.1,16.36
4000000,20/11/21,Turramurra,3,4,2,1018,House,11919,49920,6.001,-33.73444,151.12793,183,0.1,220.1,16.36
2400000,26/11/21,Turramurra,2,4,2,923,House,11919,49920,6.001,-33.73444,151.12793,183,0.1,220.1,16.36
4025000,27/11/21,Turramurra,2,5,2,930,House,11919,49920,6.001,-33.73444,151.12793,183,0.1,220.1,16.36
2365000,28/11/21,Turramurra,2,3,2,986,House,11919,49920,6.001,-33.73444,151.12793,183,0.1,220.1,16.36
3000000,30/11/21,Turramurra,1,3,2,767,House,11919,49920,6.001,-33.73444,151.12793,183,0.1,220.1,16.36
3298000,20/12/21,Turramurra,3,4,4,1505,House,11919,49920,6.001,-33.73444,151.12793,183,0.1,220.1,16.36
